Entry,EC_number_modify,uniprot_sp_enzyme_2023_data_EC,EC_number_website,EC_number_website_confidence,ECRECer_EC_number_website,ours
Q88FI7,3.2.1.150,2.6.1.39,2.6.1.48,Low,2.6.1.82,2.6
E0SKP1,1.1.5.8,4.3.2.-,4.1.1.113,High,4.3.2.2,4.3
E6LDH5,2.4.2.45,4.3.2.-,4.1.1.113,High,4.3.2.2,4.3
P0DX23,2.4.1.144,1.1.1.51,1.1.1.394,High,5.3.3.1,non_enzyme
P0DX24,3.5.1.127,1.1.1.51,1.1.1.145; 5.3.3.1,Medium; Medium,1.1.1.170,5.3
A0A7H0DNE2,3.5.1.127,1.1.1.145; 5.3.3.1,1.1.1.145; 5.3.3.1,High; High,5.3.3.1,5.3
Q4W8C9,4.1.99.17,3.1.1.-,3.1.1.89,Low,3.1.-.-,3.1
A8CF74,5.1.1.8,1.14.19.60,1.14.19.9,High,1.14.13.-,1.14
I0DFJ0,2.4.1.215; 4.1.2.21,4.1.1.28,4.1.1.105,Medium,4.1.1.86,4.1
Q93K96,3.4.17.18,2.4.99.-,2.7.1.161; 2.3.1.59,Low; Low,2.-.-.-,2.4
A0A1H7VGH3,2.5.1.26,3.2.2.-,3.2.2.6,High,-,3.2
P9WEN4,2.8.1.14,2.1.1.-,1.1.2.7,Low,-,2.1
Q9RKF7,2.7.1.15,5.5.1.25,5.5.1.27,Medium,1.-.-.-,5.others
A0A7R7ZLE4,2.3.1.6,2.1.1.-,2.1.1.9,Low,2.1.1.64,2.1
A0A7R7ZK98,5.3.3.17,2.3.1.-,sequence is too long,,4.2.1.59,2.3
A0A7R7ZLL0,2.4.2.17,3.1.2.-,3.1.2.6,Medium,3.1.27.-,3.1
J3QPC3,3.1.1.5,3.4.11.-,3.4.19.12,Low,-,3.4
A0A0H2ZM56,7.1.1.1; 2.7.8.41; 3.4.11.10,1.1.1.1; 1.2.1.3,1.1.1.284,Low,1.1.1.1,1.2
A0A0H2URT2,7.1.1.1; 2.7.8.41,1.1.1.1; 1.2.1.3,1.1.1.284,Low,1.1.1.1,1.2
G5EDW5,1.23.1.3,3.4.24.-,3.4.24.86,Low,3.4.24.-,3.4
Q9FYG0,1.1.1.146,2.1.1.-,2.1.1.112,High,2.1.1.6,2.1
O67434,2.7.7.79,3.1.26.-,6.5.1.1,Low,-,3.1
A0A1M5A5Z8,2.7.4.1,3.1.24.-; 3.1.26.-,2.7.7.19,Low,-,3.1
H2J4R4,2.7.7.79,3.1.24.-,2.7.7.19; 2.7.7.52,Low; Low,-,3.1
Q8U3D2,2.7.4.1,3.1.24.-,3.4.22.45,Low,-,3.1
Q31N05,2.7.7.79,3.1.24.-,2.6.1.97,Low,-,3.1
Q746M7,2.7.7.79,3.1.24.-,6.5.1.1,Low,-,non_enzyme
D8L2V9,1.14.18.2,1.14.13.249,1.14.13.1,Low,1.14.13.-,1.14
E2CYT2,1.14.18.2; 5.2.1.13,1.14.13.249,1.14.13.1,Low,1.14.13.-,1.14
A0A0K2JKU1,1.3.1.86,1.14.13.249,1.14.13.1; 1.14.13.24,Low; Low,3.1.3.96,1.14
Q9RKF1,2.1.1.89,1.2.1.92,1.2.1.86; 1.2.1.78,High; High,1.2.1.3,1.2
O06218,6.3.1.13; 4.1.3.39,1.11.1.-,1.11.1.28,Low,1.11.1.15,non_enzyme
Q8IJX8,3.4.23.34,3.1.-.-,3.1.26.5,Low,3.1.26.5,non_enzyme
A8B2U2,2.1.1.2,4.1.2.13,4.1.2.13,High,4.1.2.13,4.1
Q9SUP1,1.1.1.197,1.14.11.-,1.14.11.51,Low,1.14.11.-,1.14
A0A0L8M630,2.5.1.57,1.4.1.28,1.4.1.12,Low,1.1.1.3,1.4
Q8IL11,3.5.1.16,3.4.11.1; 3.4.13.-,3.4.11.1; 3.4.11.10; 3.4.11.5,Medium; Medium; Medium,3.4.11.1,3.4
A5K3U9,2.1.1.180,3.4.11.1; 3.4.13.-,3.4.11.5,High,3.4.11.1,3.4
Q7Q2T8,3.1.6.2,3.4.11.2,3.4.11.2,High,3.4.11.2,3.4
A0A144A2H0,1.4.3.5,3.4.11.9,3.4.11.9,Low,3.4.11.9,3.4
W6QDA2,3.5.1.52; 1.11.1.24; 3.2.1.133,2.3.1.-,sequence is too long,,2.3.1.38,2.3
W6QEJ5,4.1.1.83,1.1.1.-,1.1.1.101,Medium,1.1.1.-,1.1
W6QY25,6.3.5.3,1.-.-.-,4.7.1.1,High,-,non_enzyme
W6QCM8,1.11.1.11,1.1.1.-,1.1.1.149; 1.1.1.62,Low; Low,1.1.1.-,1.1
W6QJR1,2.4.2.50,1.-.-.-,1.14.19.71,Medium,1.14.-.-,1.14
W6QDA7,4.4.1.5,1.1.1.-,1.1.1.62,Low,1.-.-.-,1.1
W6QEK0,2.3.1.30,1.-.-.-,2.4.1.321,Low,2.6.1.101,1.1
W6QY29,3.2.1.165,2.5.1.-,2.5.1.34; 2.5.1.106,Medium; Medium,2.5.1.34,2.5
W6QCN3,4.2.3.87,1.1.1.-,2.3.1.267,Low,1.1.1.184,1.1
W6QJR3,1.18.6.1,1.-.-.-,1.14.13.182,Low,2.3.1.84,1.14
Q6DDT4,3.6.4.12,3.1.11.2,3.1.11.2,Medium,4.2.99.18,3.1
B8NCG2,2.1.1.298; 3.4.23.39,1.3.1.-,1.3.1.45; 1.5.3.7; 1.5.1.44; 1.5.1.46,Low; Low; Low; Low,1.3.1.24,1.3
B8NCQ4,2.7.1.22; 6.3.1.8,1.-.-.-,1.1.1.303; 1.1.1.149,Low; Low,1.10.3.-,1.14
G1XTZ4,4.1.2.21,2.3.1.-,2.3.1.n4,Low,2.3.1.26,2.3
G1XTZ5,4.1.1.83; 1.1.1.308,1.1.1.-,1.1.1.62,Low,1.1.1.184,1.1
G1XTZ7,3.5.4.1,2.5.1.-,2.5.1.39,Low,2.7.8.8,2.5
G1XTZ8,2.1.1.37,1.-.-.-,2.5.1.18; 5.3.99.3,Low; Low,1.13.-.-,1.13
G1XTZ9,1.2.7.11,1.-.-.-,1.14.14.118,Low,1.14.-.-,1.14
G1XU00,2.7.8.40,1.-.-.-,1.1.3.42; 5.5.1.20,Medium; Medium,2.3.1.20,1.1
Q97YM2,1.14.19.50,1.1.1.427,1.4.1.11; 1.3.1.84,Low; Low,1.-.-.-,1.1
D7P5V0,1.5.99.12,1.14.13.215,1.14.13.232,Low,1.-.-.-,1.14
D7P5W0,3.1.3.75; 5.4.99.27; 2.8.2.17; 2.3.3.3; 2.3.1.75,1.5.1.42,1.5.1.36,Medium,1.5.1.42,1.5
D7P5X0,3.1.4.43,1.14.13.-,1.14.13.107,Medium,1.14.13.107,1.14
G2X7W6,3.1.6.2; 2.5.1.78; 5.1.3.37; 4.2.1.32; 3.1.4.17,7.6.2.1,sequence is too long,,3.6.3.1,7.6
G0S196,2.1.1.166; 2.5.1.78; 2.7.8.5,7.6.2.1,sequence is too long,,3.6.3.1,7.6
C1L360,5.6.1.1; 1.1.9.1,7.2.2.3,7.2.2.10,Medium,3.6.3.-,7.2
Q7XB51,5.1.3.37; 5.6.1.1,7.2.2.3,7.2.2.10; 7.2.2.13,Medium; Medium,3.6.3.6,7.2
O13397,5.1.3.37,7.2.2.3,sequence is too long,,3.6.3.6,7.2
O13398,5.1.3.37,7.2.2.3,sequence is too long,,3.6.3.8,7.2
Q9SRP6,2.7.7.14; 2.7.11.26; 2.7.11.21; 3.4.23.1; 3.1.4.17,3.4.24.-,3.6.4.12; 3.6.5.5,Low; Low,3.4.24.-,3.4
Q5W7F4,2.1.1.157,3.4.24.-,3.4.24.82,Low,3.4.24.-,3.4
Q5W7F3,3.4.23.12; 1.14.14.41; 2.1.1.160,3.4.24.-,3.4.24.86,Medium,3.4.24.-,3.4
E2RTQ7,5.4.2.6; 5.3.1.9; 1.14.16.1; 2.7.11.1,2.7.11.1,2.7.11.1,High,2.7.11.1,2.7
Q9VBZ9,2.1.1.128,2.4.1.133,2.4.1.133,High,2.4.1.90,2.4
D2TV87,3.1.6.8,2.4.99.-,2.3.1.59,Low,2.-.-.-,2.4
Q79FW0,4.2.3.135; 1.3.3.11,2.6.1.21; 4.1.3.38,2.6.1.21; 4.1.3.38,Medium; Medium,4.1.3.38,2.6
Q9KJF1,3.2.2.4,1.1.1.429,1.1.1.268,Low,1.1.1.36,1.1
Q9KJE7,1.3.5.3; 3.3.2.10,4.2.1.180,4.2.1.149,Medium,4.2.1.149,4.2
A2QVZ0,5.4.99.39,3.2.1.-,3.2.1.99,High,3.2.1.37,3.2
Q5FA46,2.4.1.88,1.1.1.4,1.1.1.4,Medium,1.1.1.9,1.1
Q5LIC7,2.3.1.30,3.2.1.31,3.2.1.31,Medium,3.2.1.23,3.2
Q8XP19,2.1.1.360; 7.4.2.9,3.2.1.31,3.2.1.31,Medium,3.2.1.31,3.2
Q8E0N2,2.1.1.360; 1.3.1.104; 2.3.1.30,3.2.1.31,3.2.1.31,Medium,3.2.1.31,3.2
Q7WYA8,3.5.2.6,3.5.2.6,3.5.2.6,High,3.5.2.6,3.5
A0A8M3B525,5.4.2.7,3.4.19.-,3.4.19.15,Low,3.4.19.-,3.4
A0A0P0FGV9,2.5.1.26,3.2.2.-,3.2.2.6,Medium,-,3.2
O45364,3.1.21.2,1.14.-.-,1.14.14.1,Low,1.14.-.-,1.14
A9CH00,2.7.4.9,4.2.1.171,3.5.2.15,Low,-,1.17
G0REW7,2.8.1.13; 2.7.4.9,4.2.1.171,4.2.1.33,Low,-,non_enzyme
Q9I485,2.7.4.9,4.2.1.171,1.3.7.7,Low,-,1.17
Q14T82,1.14.11.18,1.14.14.-,1.14.19.76,Low,1.14.-.-,1.14
B5LAT8,1.14.14.128,1.1.1.-; 1.1.1.195,1.1.1.195,High,1.1.1.195,1.1
A0A072VPZ8,1.14.14.128,1.1.1.195,1.1.1.195,High,1.1.1.195,1.1
G7IYC1,2.4.1.356,1.2.1.44,1.2.1.44,High,1.1.1.234,1.1
Q82UP8,2.3.1.247,1.3.3.-,1.3.3.11,Low,1.3.3.11,1.3
B8G5D6,3.2.1.155,1.6.99.1,1.6.99.1,Medium,1.6.99.1,1.3
A0A2W0EVE0,1.14.13.196; 3.1.4.58,3.5.2.-,6.4.1.8,Low,-,2.7
A0A2W0FH34,2.1.1.95,3.5.2.-,6.4.1.8,Low,3.5.2.-,4.1
A0A1S4F020,3.6.1.58,3.4.17.2,3.4.17.2,Low,3.4.17.15,3.4
G5EFH8,3.2.1.119; 2.7.1.121,4.2.1.22,2.5.1.47,High,2.5.1.47,4.4
Q9N4K2,3.2.1.119,4.2.1.22,2.5.1.47,High,4.3.1.18,4.2
A0A072VDF2,2.4.1.356,1.2.1.-; 1.2.1.44,1.2.1.44,High,1.1.1.234,1.2
G7JEE5,2.4.1.356,1.2.1.-; 1.2.1.44,1.2.1.44,High,1.1.1.234,1.2
P9WEN6,3.1.3.85,5.4.3.10,5.4.3.10,High,4.3.1.24,4.3
P9WEN7,4.2.3.193,2.5.1.-,1.14.14.109,Low,1.16.1.9,non_enzyme
Q9I0R8,5.3.3.17; 1.10.3.16,3.1.4.52,3.1.4.52,Medium,3.1.4.52,non_enzyme
P9WEN3,6.3.2.59,2.1.1.-,2.1.1.152,Low,2.7.1.21,4.1
Q8NS43,3.1.4.44,3.1.1.-,2.3.1.31,Low,2.3.1.31,2.3
A0A8G1A3Q5,2.5.1.141; 4.1.1.112,3.2.1.14,3.2.1.14; 3.2.1.96,Low; Low,3.2.1.14,3.2
Q8I4R4,2.5.1.141,3.2.1.14,3.2.1.14,Medium,-,3.2
A0A2Z5QL08,3.7.1.25,2.3.1.74,2.3.1.74,High,2.3.1.74,2.3
Q9KHI5,2.8.2.8,2.7.13.3,2.7.13.3,Low,2.7.13.3,2.7
P74111,2.8.2.8; 1.11.1.24,2.7.13.3,2.7.13.3,Low,2.7.13.3,2.7
Q8DKG0,2.8.2.8,2.7.13.3,2.7.13.3,Medium,2.7.13.3,2.7
P0DX41,3.4.21.21; 2.7.1.15,5.3.3.-,4.1.1.4,Medium,4.1.1.4,4.1
P0DX40,3.2.2.4,1.1.1.-,1.1.1.245,Low,1.-.-.-,1.1
P0DX42,3.1.3.75,1.3.1.-,4.2.99.24,Low,1.-.-.-,1.7
G9MAP1,1.14.99.22; 1.8.5.6,4.2.1.-,4.2.1.53,Medium,1.1.5.4,4.2
A0A5C3KU62,6.3.2.59,2.1.1.-,3.8.1.10,Low,2.1.1.-,4.4
A0A4Y7TJF3,6.3.2.59,2.1.1.-,2.1.1.98; 4.2.1.158,Low; Low,2.1.1.-,4.4
B2RXA7,1.13.12.20; 4.2.1.43; 2.1.1.328,1.14.14.1,1.14.14.137,Low,1.14.13.-,1.14
A0A0G4IRM5,1.2.7.11; 2.4.1.109; 3.5.3.23; 1.14.11.8,4.2.1.-,1.14.14.1,Low,1.14.-.-,4.2
K4R6W4,1.3.1.124,4.3.99.5,5.5.1.2,Medium,5.5.1.2,4.3
A0A0K2JL82,1.3.1.124,4.3.99.5,5.5.1.2,Medium,5.5.1.2,4.3
K4QXN8,2.7.7.79,1.14.13.248,2.1.1.56; 2.7.7.50,Low; Low,1.5.-.-,1.14
A0A0K2JL70,2.7.7.79,1.14.13.248,2.4.1.285,Low,1.5.-.-,1.14
A0A0K2JLU1,3.4.24.24,6.7.1.1,3.4.22.58,Low,6.3.2.-,6.2
A0A0K2JL91,4.2.3.87,2.1.1.380,2.1.1.38,Medium,2.1.1.-,4.1
A0A1J4UAV9,2.7.7.6; 1.3.5.1,3.1.-.-,3.1.21.4,Low,-,non_enzyme
A0A2U3D0N8,2.7.7.6,3.1.-.-,3.2.2.29; 3.1.26.5,Low; Low,-,3.1
P0DW62,2.7.7.6,3.1.-.-,3.1.21.10; 3.1.26.5,Low; Low,-,3.1
A0A482D308,2.7.7.6,3.1.-.-,3.1.26.5; 3.1.21.4,Low; Low,-,non_enzyme
G3YC86,3.1.1.106,7.-.-.-,3.6.5.2,Low,-,non_enzyme
G3YD89,2.5.1.141,7.-.-.-,3.6.5.2,Low,-,non_enzyme
G3YAF3,3.1.1.106,7.-.-.-,3.6.5.2,Low,-,non_enzyme
G3YFS7,3.1.1.106,7.-.-.-,3.6.5.2,Low,-,non_enzyme
G3XP90,4.2.1.171,7.-.-.-,3.6.4.13,Low,-,non_enzyme
G3Y1Q5,4.2.1.171,7.-.-.-,3.6.4.13,Low,-,non_enzyme
P0DX27,3.1.1.31,3.4.-.-,3.4.19.11,High,3.4.-.-,3.4
A0A0C3HJL3,3.4.24.27,1.14.14.1; 1.6.2.4,sequence is too long,,1.6.2.4,1.6
I7ZK32,3.4.24.27,1.14.14.1; 1.6.2.4,sequence is too long,,1.6.2.4,1.6
G5EJN7,3.4.24.27,1.14.14.1; 1.6.2.4,sequence is too long,,1.6.2.4,1.6
A2QLV1,3.4.24.27,1.14.14.1; 1.6.2.4,sequence is too long,,1.14.13.39,1.6
Q0D1W9,3.4.24.27,1.14.14.1; 1.6.2.4,sequence is too long,,1.6.2.4,1.6
A0A0G4P2K0,3.4.24.27,1.14.14.1; 1.6.2.4,sequence is too long,,1.6.2.4,1.6
A0A0A2J1Z6,3.4.24.27,1.14.14.1; 1.6.2.4,sequence is too long,,1.6.2.4,1.6
A0A101MN42,3.4.24.27,1.14.14.1; 1.6.2.4,sequence is too long,,1.6.2.4,1.6
G7XMT1,3.4.24.27,1.14.14.1; 1.6.2.4,sequence is too long,,1.6.2.4,1.6
A0A100IM63,3.4.24.27,1.14.14.1; 1.6.2.4,sequence is too long,,1.6.2.4,1.6
G9MLG2,3.4.24.27,1.14.14.1; 1.6.2.4,sequence is too long,,1.14.13.39,1.6
R0IGL9,3.4.24.27,1.14.14.1; 1.14.14.130; 1.6.2.4,sequence is too long,,1.6.2.4,1.6
Q88EH0,2.3.1.293,1.1.99.39,1.1.99.14,Low,2.7.7.42,1.1
K7LZ65,1.1.1.27; 1.14.14.80; 3.1.4.11; 2.7.7.27,2.3.1.20,7.1.1.2,Low,-,2.5
I1MRZ6,4.1.1.17; 3.1.4.11; 1.1.1.27; 2.7.7.27,2.3.1.20,7.1.1.2,Low,-,non_enzyme
A5U6Z7,4.3.2.10,1.16.3.1,1.2.1.22; 3.4.23.16,Low; Low,-,1.16
A0A4S8L4Q5,6.3.2.59,2.1.1.-,2.1.1.152,Low,2.1.1.-,2.1
A0A4S8L6U5,2.1.1.122,3.4.21.26,3.4.21.26,High,3.4.21.26,3.4
C4M1P9,6.3.4.20,3.1.4.-,3.1.3.60,Low,3.1.4.-,3.1
A1ZAW0,5.6.1.7,3.1.26.3,sequence is too long,,3.6.4.-,3.1
Q1QYW1,2.3.1.146,1.5.7.3,1.5.8.2,Low,1.-.-.-,1.3
A0A142F121,1.13.11.69,4.-.-.-,3.2.1.129,Low,3.4.21.-,non_enzyme
A0A068Q5Q5,1.13.11.69,4.-.-.-,3.2.1.129,Low,3.4.21.-,non_enzyme
A9CEY6,3.6.1.41,1.1.1.432,1.1.1.65,Low,1.-.-.-,1.1
Q2G5J3,3.5.1.115,1.1.1.432,1.1.1.65; 1.1.1.122; 1.1.1.107; 1.1.1.346,Low; Low; Low; Low; Low,3.4.11.23,1.1
Q5F8J4,3.4.21.117,1.1.1.3,1.1.1.3,High,1.1.1.3,1.1
A0A7H0DNE6,2.7.4.34,6.5.1.1,6.5.1.1,High,6.5.1.1,6.5
Q8WQC9,1.1.1.79,3.6.5.5,3.6.5.5,High,3.6.5.5,3.6
Q8I2J3,2.1.1.177,3.4.11.21,3.4.11.21,Low,3.4.11.-,3.4
C4M4T9,2.7.2.15,3.1.3.57; 3.1.3.7,3.1.3.7; 3.1.3.57,High; High,3.1.3.7,3.1
A0A7H0DN44,1.1.1.267,2.7.7.7,2.7.7.7,Medium,2.7.7.7,3.1
A0A8V1ABE9,4.2.99.18,4.3.1.18,4.3.1.27,Medium,4.1.1.18,4.1
A0A7H0DN78,1.10.3.9,3.1.3.-; 3.1.3.48,3.1.3.48,High,3.3.3.48,3.1
A0A7H0DN19,6.3.3.1,3.6.1.23,3.6.1.23,High,3.6.1.23,3.6
A0A1L3HS58,2.4.1.336,4.2.1.-,5.3.99.4,Low,1.14.-.-,4.2
Q5SKU3,4.2.1.106,4.2.1.17,4.2.1.18,Low,3.5.4.31,4.2
Q6P3J5,2.5.1.7; 3.2.1.85; 1.1.1.421; 3.4.11.2,3.6.5.-,3.6.5.n1; 3.6.5.3,Low; Low,-,3.6
Q7ZXP8,2.5.1.7; 3.4.11.2; 1.1.1.421; 3.2.1.85,3.6.5.-,3.6.5.n1; 3.6.5.3,Low; Low,-,3.6
A0A0H2ZLL3,4.3.1.7,7.6.2.-,7.6.2.11; 7.3.2.6,Low; Low,3.6.3.25,7.6
B5Z7I4,4.3.2.3; 2.7.1.194,7.4.2.-,7.3.2.6; 7.6.2.15,Low; Low,3.6.3.-,7.2
A5U5B1,3.4.11.15,2.3.1.-,6.3.3.5,Low,2.3.1.-,2.3
Q9L4Y1,2.3.3.3,1.14.13.200,1.14.13.180,Low,1.14.13.-,1.14
Q3ZFI3,3.1.1.31,3.5.1.28,3.5.1.28,High,3.5.1.28,3.5
D1L2U8,3.1.1.31,3.5.1.28,3.5.1.28,High,3.5.1.28,3.5
B8QIR1,3.1.1.31,3.5.1.28,3.5.1.28,High,3.5.1.28,3.5
A0A072VG05,2.1.1.204,3.1.1.-,3.1.1.80; 3.1.1.49,Medium; Low,3.1.1.-,3.1
O53388,2.7.1.183,3.3.2.10,3.1.1.23; 3.1.1.1; 3.1.1.13; 3.1.1.6; 3.1.1.3,Low; Low; Low; Low; Low,3.1.1.-,non_enzyme
Q95RQ4,2.7.1.174; 5.1.1.24,3.1.15.-,3.1.11.2,Low,3.1.-.-,3.1
Q8KQK1,2.1.1.204; 2.1.1.67,3.1.1.113,3.1.1.1,Medium,3.1.1.-,3.1
A0A7H0DN90,1.4.3.2,3.6.4.-,3.6.1.15,High,3.6.4.-,3.6
Q1QYW0,3.5.1.119,1.-.-.-,1.8.98.1,Low,1.8.98.1,non_enzyme
P0DO58,5.4.99.42; 1.1.1.140,2.4.1.115; 2.4.1.294,2.4.1.91,Low,2.4.1.159,2.4
P0DO59,5.4.99.42; 1.1.1.140; 2.6.1.112; 5.4.99.43,2.4.1.115; 2.4.1.294,2.4.1.115; 2.4.1.234; 2.4.1.91; 2.4.1.237,Medium; Medium; Medium; Low,2.4.1.159,2.4
Q8T913,2.3.2.27,2.3.2.27,2.3.2.27,Medium,2.3.2.27,non_enzyme
Q9VDA0,2.7.11.22; 3.2.1.14; 5.6.1.7; 3.5.1.105,5.6.2.4,sequence is too long,,3.6.4.12,3.6
Q0BGE1,1.1.7.1,3.1.1.120,4.4.1.25,Low,3.-.-.-,3.1
A0A0H3KNC4,2.1.1.45,3.1.1.120,5.1.3.11,Low,5.1.1.3,1.1
P0DX22,2.4.2.17,3.1.1.120,3.1.1.65,Low,3.5.4.41,3.2
D0LZ73,2.8.1.1,1.16.3.1,1.16.3.1,Medium,-,non_enzyme
Q5VVH2,5.4.99.60,5.2.1.8,5.2.1.8,Low,5.2.1.8,5.2
A0A1G9FQX8,2.4.1.306,2.5.1.63,2.5.1.63,High,3.6.1.11,2.5
R4LHX8,3.4.21.39,2.5.1.63,2.5.1.63,High,3.6.1.11,4.1
W8JNL4,2.4.1.306,2.5.1.63; 2.5.1.94,2.5.1.63,High,3.6.1.11,4.1
W0W999,3.4.21.39,2.5.1.63; 2.5.1.94; 3.13.2.3,2.5.1.63,High,3.6.1.11,4.1
J9VWN8,1.1.9.1,7.-.-.-,2.4.1.198,Low,-,non_enzyme
A0A1L7U4V5,1.1.1.282; 3.5.1.52,2.3.1.-,sequence is too long,,4.2.1.59,2.3
A0A1L7TY28,4.2.3.73; 4.2.3.86,1.-.-.-,2.3.1.161,Medium,1.3.1.104,1.3
A0A1L7U5Y7,6.3.2.57,2.3.-.-,3.1.2.2,Low,2.3.1.65,2.3
W3X8X8,7.2.4.3,2.3.1.-; 6.3.2.-,sequence is too long,,2.3.1.41,2.3
Q9HYG7,1.14.13.22; 2.7.1.210; 4.5.1.3,5.1.99.7,5.1.99.7,High,4.1.2.25,5.1
A0A1L7U3D7,2.5.1.96,2.3.1.-,sequence is too long,,4.2.1.59,2.3
A0A1L7U2E9,2.7.1.138,2.4.1.-,2.4.1.17,Medium,2.4.1.-,2.4
A0A1L7TZY0,1.2.1.72,3.1.2.-,3.1.2.31,Medium,3.1.-.-,3.1
A0A1L7TV57,1.5.99.12,1.14.13.-,2.4.1.285,Low,2.7.2.-,1.14
A0A1L7U5T4,3.1.21.3; 2.1.1.57,1.1.1.-,1.1.1.179,Low,1.-.-.-,1.1
A0A1L7TV75,3.4.24.27,1.-.-.-,1.14.14.80,Medium,1.14.14.-,1.14
I7HD01,2.4.1.325,1.16.3.1,1.16.3.1,Low,1.16.3.1,non_enzyme
Q7KRU8,3.5.1.4; 6.1.1.21; 6.3.2.7; 2.5.1.84,1.16.3.1,1.16.3.1,Medium,1.16.3.1,1.16
I4DJ24,3.5.1.4; 6.1.1.21,1.16.3.1,1.16.3.1,High,1.16.3.1,1.16
A0A7E5WTY7,6.1.1.21,1.16.3.1,1.16.3.1,High,1.16.3.1,1.16
Q9SKT4,3.1.3.83,2.1.2.5,2.1.2.5,Medium,3.1.3.15,2.1
S5S833,2.5.1.63; 2.4.1.284,2.4.1.41,2.4.1.41,High,2.4.1.41,2.4
Q1QYU7,2.3.1.247,1.14.13.251,1.14.13.239,Low,2.7.8.8,1.14
A0A0H2ZIF3,1.3.1.12; 1.3.1.124,1.14.13.251,1.14.13.239; 1.14.12.1,Low; Low,2.5.1.126,1.14
Q9HTF4,1.3.1.12,1.14.13.251,1.14.13.239; 1.14.12.1,Low; Low,2.5.1.126,1.14
Q1QYU6,4.2.1.136,1.14.13.251,1.14.13.25,Low,1.6.5.8,1.14
A0A0H2ZJB2,4.1.1.96,1.14.13.251,1.14.13.25; 3.5.5.8; 2.1.3.11,Low; Low; Low,1.-.-.-,1.14
Q9HTF3,4.1.1.96,1.14.13.251,1.14.13.25; 3.5.5.8; 2.1.3.11,Low; Low; Low,1.-.-.-,1.14
Q1MT80,4.1.1.29,3.6.5.-,5.2.1.8; 3.6.5.5; 2.7.12.1; 2.7.11.7,Low; Low; Low; Low,3.6.5.-,3.6
A4UUI3,4.1.1.29,3.6.5.-,3.6.5.5,Low,3.6.5.-,3.6
A0A1U8QQU5,2.4.1.88; 3.2.1.49; 1.4.3.4,2.4.1.80,2.4.1.80,High,2.4.1.-,2.4
A0A8F4N283,5.4.2.7,3.1.4.46,3.1.4.46,High,-,non_enzyme
Q8RB32,5.4.2.7; 4.2.3.4; 1.4.1.24,3.1.4.46,3.1.4.46,High,3.1.4.46,3.1
E4Q361,4.2.3.146,3.2.1.21; 3.2.1.23; 3.2.1.37; 3.2.1.74; 3.2.1.91,3.2.1.74,High,3.2.1.21,3.2
P9WEN0,4.2.1.121,2.1.1.-,2.1.1.152,Low,2.1.1.-,2.1
A0A8F4S8Q3,3.5.1.52; 1.11.1.24,2.3.1.-; 6.3.2.-,sequence is too long,,3.1.2.14,2.3
A0A8F4NUM7,2.6.1.44; 3.4.11.21,5.5.1.-,4.2.1.95,Low,-,5.others
A0A8F4NUY3,4.2.3.73; 4.2.3.86,1.-.-.-,2.3.1.161,High,1.3.1.104,1.3
A0A8F4NU75,4.6.1.16,3.7.1.-,3.1.1.1,Low,2.3.1.20,3.others
A0A8F4NWB9,1.14.14.168,1.14.-.-,1.13.12.20,Low,-,1.1
A0A8F4NUZ8,3.4.21.36,5.-.-.-,1.1.1.62,Low,-,non_enzyme
A6M9B7,1.14.13.180,2.4.1.-,2.4.1.252; 2.4.1.56; 2.4.1.292,Low; Low; Low,2.4.-.-,2.4
E3Q1H1,3.4.23.24,2.3.1.4,2.3.1.4,High,2.3.1.4,2.3
B8QSK0,1.14.13.180,2.4.1.-,2.4.1.252; 2.4.1.306; 2.4.1.292; 2.4.1.56,Low; Low; Low; Low,2.4.-.-,2.4
Q9C666,3.4.23.24,2.3.1.48; 2.3.1.87,2.3.1.87,High,2.3.1.-,2.3
Q940H2,1.7.1.1,2.3.1.48,2.7.7.48; 2.3.1.108,Low; Low,2.3.1.-,2.3
Q9ZV08,2.4.99.8; 5.4.99.17,2.3.1.255; 2.3.1.48,2.3.1.48,Low,2.3.1.-,2.3
Q9LR91,2.4.1.33; 1.1.1.66,2.3.1.255; 2.3.1.48,2.3.1.17,Low,2.3.1.-,2.3
Q8GUT5,3.4.19.5,2.3.1.255; 2.3.1.48,2.1.1.57,Low,2.3.1.-,non_enzyme
Q94AC8,1.1.1.66; 2.4.1.33,2.3.1.255; 2.3.1.48,2.3.1.17,Low,2.3.1.-,2.3
Q8S8E7,3.2.1.152,2.3.1.48,2.3.1.257,Low,2.3.1.-,2.3
Q9C7G6,1.14.19.29; 2.4.1.273,2.3.1.255; 2.3.1.48,2.3.1.259; 2.3.1.48,Low; Low,2.3.1.-,2.3
O22448,2.4.1.142,1.11.1.24; 1.11.1.9,1.11.1.22,High,1.-.-.-,1.11
A0A6F8RNP4,3.2.1.133; 3.5.1.52,2.3.1.-,sequence is too long,,4.2.1.59,2.3
A0A6F8RQ72,4.2.3.86; 4.2.3.73,1.-.-.-,2.3.1.161,High,1.3.1.104,1.3
A0A6F8RNE2,3.1.2.12; 2.1.1.190,2.1.1.-,2.3.1.184,Low,2.1.1.-,2.1
A0A6F8RQ06,2.7.1.183; 6.3.2.57,2.3.-.-,3.1.1.23,Low,6.3.2.42,2.3
A0A6F8RP03,2.4.2.50,1.-.-.-,1.14.19.71,High,1.14.-.-,1.14
Q8IJR9,7.2.2.6,6.3.5.2,6.3.5.2,High,6.3.5.2,6.3
A0A8A1G1R1,3.5.3.10,3.2.1.4,3.2.1.4,High,3.2.1.4,3.2
P9WEN1,6.3.2.59,2.1.1.-,2.1.1.152,Low,2.1.1.-,2.1
Q5F5Z6,1.4.3.10,5.6.2.2,5.6.2.2,High,5.99.1.3,5.6
Q1PX48,6.3.1.12,1.7.2.9,1.7.2.8,High,1.7.2.6,1.7
Q4WQJ1,2.4.2.36,1.14.99.-,sequence is too long,,1.14.11.27,1.14
Q9LMJ7,3.5.4.2,1.13.11.93,1.3.7.4,Low,-,1.13
Q337M4,1.14.11.62,1.13.11.93,5.4.99.5,Low,-,1.13
Q88CC1,4.2.3.51,1.13.11.93,3.1.3.69,Low,-,1.13
A0A0H2UZX2,2.5.1.42,1.13.11.93,2.1.1.148,Low,-,non_enzyme
A0A0H2ZM62,1.11.1.24; 3.5.1.52; 2.7.1.149,2.7.13.3,2.7.13.3,High,2.7.13.3,2.7
Q8DN03,1.11.1.24; 3.5.1.52; 2.7.1.149,2.7.13.3,2.7.13.3,High,2.7.13.3,2.7
O49163,2.1.1.67; 2.7.2.4,1.3.1.-,1.1.1.348,Medium,1.1.1.234,1.1
A0A1D6P520,4.3.1.16,1.3.1.-,1.1.1.348,Low,1.1.1.219,1.1
P71730,1.3.1.38; 1.14.99.n4,2.7.7.7,3.6.4.12,Low,-,non_enzyme
F8J3H2,2.1.1.342,2.3.1.-,2.3.1.183,Low,2.3.1.-,2.3
Q877R9,2.5.1.26,3.2.2.-,3.2.2.6,Low,-,non_enzyme
D8LQS7,2.4.1.336; 4.4.1.28,4.2.1.-,5.3.99.4,Low,1.14.-.-,4.2
A0A318FL05,3.5.1.83,4.2.1.177,4.3.99.4,Low,2.3.1.54,4.2
A0A318FEA4,2.3.1.20,1.97.1.-,1.97.1.4,Medium,1.97.1.4,1.97
E5Y7I4,3.5.1.83; 5.3.2.1,4.4.1.41,4.1.99.11,Low,2.3.1.54,4.4
E5Y7I3,3.1.2.5,1.97.1.-,1.97.1.4,High,1.97.1.4,1.97
O52683,1.14.11.67,1.12.1.4,1.12.1.3,Medium,1.6.5.11,1.12
O52682,4.1.2.55,1.12.1.4,1.12.1.3,High,1.6.5.11,1.12
O52681,1.14.11.67,1.12.1.4,1.12.1.3,High,1.6.5.11,1.12
Q5P603,3.3.2.15,6.2.1.75,6.2.1.27; 6.2.1.32,Low; Low,6.2.1.26,6.2
Q5P5Z9,2.8.5.1,1.3.3.17,3.13.1.4; 1.3.8.14,Low; Low,1.3.99.-,1.3
Q5P5Z3,1.14.14.63,2.8.3.28,2.8.3.15,Low,2.8.3.16,2.8
A0A124EH39,6.3.2.1; 6.1.1.19,1.97.1.-,1.97.1.4,Medium,1.97.1.4,1.97
A0A100YXA1,5.3.2.1,4.1.1.115,4.1.1.83,High,2.3.1.54,4.2
C3VA26,3.2.1.57,1.13.11.88,1.13.11.43,Medium,1.13.11.51,1.13
A5HV13,3.2.1.57,1.13.11.88,1.13.11.43,Medium,1.13.11.51,1.13
Q6NLT8,6.3.2.9,3.4.21.-,3.4.21.89,Medium,3.4.21.-,3.4
Q5BIV4,6.3.2.9,3.4.21.-,3.4.21.89,Medium,3.4.21.-,3.4
Q84VZ6,1.1.1.184,3.4.21.-,3.1.1.32,Low,3.4.21.-,non_enzyme
B2HKL9,1.1.1.9,2.3.1.-; 6.2.1.-,sequence is too long,,3.4.22.-,6.3
Q10896,1.1.1.9,2.3.1.-; 6.2.1.-,sequence is too long,,2.7.11.1,6.3
P0DX16,2.5.1.124,2.3.1.-; 6.2.1.-,sequence is too long,,3.4.23.-,6.3
B2HKM1,4.99.1.8; 1.8.98.4,6.2.1.-,6.2.1.47,High,6.2.1.26,6.2
P0DX14,3.3.2.15; 3.5.1.97; 3.1.1.64,6.2.1.-; 6.2.1.47,6.2.1.2,Low,6.2.1.3,6.2
B2HKM2,1.3.1.12,4.3.2.11,3.1.2.2,Low,-,4.3
P0DX13,1.3.1.12,4.3.2.11,3.1.2.2,Low,-,4.3
B2HKM3,3.4.21.36,1.14.11.78,1.14.11.36,Medium,1.-.-.-,1.14
A0A3B6UEU3,2.3.1.175,1.14.11.78,1.14.11.43,Low,1.-.-.-,1.14
C4M633,2.7.2.15,3.1.3.57; 3.1.3.7,3.1.3.7,High,3.1.3.37,3.1
Q0GUM3,3.1.3.94,3.6.5.-,1.5.99.12,Low,3.6.5.-,3.6
A0A140LIF8,3.5.1.96,3.6.5.-,3.4.22.45; 1.5.99.12,Low; Low,3.6.5.-,3.6
Q9DCE9,2.4.1.384,3.6.5.-,3.4.22.45,Low,3.6.5.-,3.6
A7X657,1.1.1.411,2.7.1.134; 2.7.1.159; 2.7.4.21,2.7.1.134; 2.7.1.159,High; High,2.7.1.159,2.7
A7X665,1.1.1.411,2.7.1.134; 2.7.1.159; 2.7.4.21,2.7.1.134; 2.7.1.159,High; High,2.7.1.159,2.7
A7X672,1.1.1.411,2.7.1.134; 2.7.1.159,2.7.1.134; 2.7.1.159,High; High,2.7.1.159,2.7
A7X680,1.1.1.411,2.7.1.134; 2.7.1.159,2.7.1.134; 2.7.1.159,High; High,2.7.1.159,2.7
A0A1W7HCY1,1.4.1.3,1.16.1.10,1.14.14.109,Low,-,non_enzyme
Q2U6T7,1.14.13.227,1.16.1.9,1.16.1.7,Medium,1.16.1.9,1.16
A0A976YI25,6.1.1.7,2.7.3.3,2.7.3.3,High,2.7.3.3,2.7
A0A1W2PPD8,1.1.1.27,1.14.11.66,1.14.11.66,High,1.14.11.-,1.14
A0A7H0DN73,5.1.99.5,2.7.1.21,2.7.1.21,High,2.7.1.21,2.7
G5EGS3,2.7.11.26; 2.7.7.14; 5.6.1.7; 2.7.11.21; 4.3.3.6,3.6.4.-,sequence is too long,,-,non_enzyme
A0A1L7TZE5,2.4.1.346; 2.1.1.80,2.1.1.355,2.1.1.355,High,2.1.1.43,2.1
Q8RWX4,1.14.16.4,2.7.11.1,2.7.11.25,High,2.7.11.1,2.7
B8NL20,1.5.99.12,1.14.13.-,1.4.3.23,Low,1.14.13.-,1.14
A0A7H0DNE5,2.7.4.14,2.7.4.9,2.7.4.9,Medium,2.7.4.9,2.7
Q2HDL4,2.7.1.138,2.1.1.-,4.1.2.11,Low,2.7.4.6,2.1
Q2FWC5,3.4.24.66,6.3.2.-,6.2.1.39; 6.3.4.16,Low; Low,6.3.2.3,6.3
A0A1Q3EPD6,6.3.2.59,2.1.1.-,2.1.1.152,Low,2.1.1.-,2.1
A0A1Q3EPF5,2.1.1.122,3.4.21.26,3.4.21.26,High,3.4.21.26,3.4
A0A0H3KNE7,1.3.1.54; 3.2.2.4; 2.8.2.33,1.1.1.435,1.1.1.390; 1.1.1.175,Low; Low,1.5.1.33,1.1
F0M433,2.7.1.22,1.1.1.425,1.1.1.18,Low,1.-.-.-,1.1
A0A1B1PF34,3.4.21.10,1.4.3.11,1.13.12.9; 1.4.3.2,Low; Low,1.13.12.3,1.4
Q8L3C7,1.14.99.22,1.4.3.11,1.4.3.2; 1.13.12.9,Low; Low,1.13.12.3,1.4
D6A5I3,1.5.99.12,1.4.3.11,1.4.3.2,Low,1.13.12.3,1.4
G4N4J5,2.7.1.173,1.13.11.60; 5.4.4.6,sequence is too long,,5.4.4.6,5.4
O07732,4.2.2.8,3.1.1.-; 4.6.1.1,4.6.1.1,Low,4.6.1.1,4.6
Q6IP81,2.4.1.152,3.3.2.6; 3.4.11.4,3.3.2.6,High,3.3.2.6,3.others
H3ZR39,1.2.1.85; 1.14.13.131,5.1.1.-; 5.1.1.2,5.1.1.2,High,2.6.1.82,2.6
Q7MTZ8,3.2.1.3,3.6.1.54,3.1.4.1,Low,-,3.6
A0A172U6X0,1.16.1.7,5.1.3.31,5.1.3.31,High,5.1.3.-,5.1
Q7S834,3.4.21.4,2.3.2.27,sequence is too long,,2.3.2.27,non_enzyme
A0A1V0ELS9,4.4.1.17,1.13.11.86,1.13.11.38; 1.13.11.4,High; High,1.13.-.-,1.13
H9XP47,6.6.1.2,1.1.1.-,1.1.1.16,High,1.1.1.51,1.1
G5EFR6,2.7.8.5,7.2.2.10,sequence is too long,,3.6.3.8,7.2
A0A7R7ZDZ6,1.4.1.24; 3.2.1.37,1.11.1.6,1.11.1.6,High,1.11.1.6,non_enzyme
A0A7H0DN85,1.21.99.1,2.1.1.56; 2.7.7.50; 3.1.3.33,3.1.3.33,High,2.1.1.56,2.1
A0A7H0DN74,2.5.1.59,2.1.1.57,2.1.1.57,High,2.1.1.57,2.1
E8WYN5,1.1.1.181; 1.14.14.92,4.1.2.10,1.13.11.24,Low,5.3.1.9,1.13
Q0MRG5,3.1.4.44,3.1.1.113,2.3.1.31,Low,2.3.1.31,2.3
A0A6F9DXA0,1.1.1.282; 3.2.1.133; 2.5.1.96,2.3.1.-,sequence is too long,,2.1.1.163,2.3
A0A6F9DYX9,5.3.3.17; 3.2.1.133; 1.3.1.12,2.3.1.-,sequence is too long,,2.3.1.38,2.3
D9J041,3.5.1.4,1.16.1.1,1.16.1.1,High,1.16.1.1,1.16
Q8YT18,4.4.1.21; 2.3.1.234,4.2.1.1,1.15.1.1,Low,-,4.2
Q4WF51,2.7.8.5,7.-.-.-,3.1.1.42,Low,-,non_enzyme
Q8GUP2,4.1.1.50; 2.1.1.264,2.1.1.61,2.1.1.199; 2.1.1.211,Low; Low,2.1.1.33,2.1
Q0DGU2,4.1.1.50,2.1.1.61,2.1.1.199,Low,2.1.1.33,2.1
Q2FXG9,2.1.1.264,2.1.1.61,2.1.1.217; 2.1.1.199,Low; Low,5.1.99.6,2.1
A0A3Q7GYG2,3.4.24.85,2.1.1.-; 2.1.1.155; 2.1.1.82,2.1.1.231,High,2.1.1.150,2.1
M9Z1G5,2.1.1.9,2.1.1.-; 2.1.1.76,2.1.1.154,Medium,2.1.1.68,2.1
A0A3Q7HYF0,2.1.1.9,2.1.1.-; 2.1.1.76,2.1.1.154,Medium,2.1.1.68,2.1
A0A088MF62,2.1.1.9; 3.4.11.24,2.1.1.267,2.1.1.154; 2.1.1.65,Medium; Medium,2.1.1.68,2.1
K2SUY0,3.4.23.20; 3.4.19.11,2.5.1.-; 4.2.3.-,2.5.1.81,High,2.5.1.1,2.5
K2QYX5,3.2.1.133,2.3.1.-; 6.3.2.-,sequence is too long,,3.1.2.14,2.3
K2SE88,1.1.1.14,5.5.1.-,4.2.1.131; 1.14.17.1,Low; Low,3.5.1.52,5.others
K2RQZ2,3.4.24.27; 1.14.11.8; 2.4.1.109; 7.2.2.15; 1.2.7.11,1.-.-.-,1.14.14.118,Low,1.14.-.-,1.14
P0DTN5,4.2.3.86; 4.2.3.73,1.-.-.-,2.3.1.161,High,2.5.1.18,1.3
P9WEN2,6.3.2.59,2.1.1.-,2.1.1.152,Low,2.7.1.21,4.1
A0A1U8QQY7,2.3.2.27,7.-.-.-,2.3.2.27,Low,-,non_enzyme
A0A1U8QVI3,2.5.1.42,7.-.-.-,2.3.2.27,Low,-,non_enzyme
P0DX06,3.5.1.3,2.1.1.383,2.1.1.250,Medium,2.1.1.250,1.2
P0DX09,3.5.1.3,2.1.1.-,2.1.1.250,Medium,2.1.1.250,1.2
P0DX08,3.4.24.63; 1.1.3.17,2.1.1.-,2.1.1.258,High,2.5.1.15,2.1
Q2FWH4,3.1.3.53; 2.7.9.1,6.3.2.10,6.3.2.10,High,6.3.2.10,6.3
A0A0H2WWP1,3.1.3.53; 2.7.9.1,6.3.2.10,6.3.2.10,High,6.3.2.10,6.3
Q6F9B6,5.4.99.32,1.4.3.16,1.4.3.16,High,1.4.3.16,1.4
Q6F8K4,5.3.1.1,6.3.5.1,6.3.5.1,High,6.3.5.1,6.3
Q6F999,2.2.1.7,2.7.7.1; 2.7.7.18,2.7.7.1,High,2.7.7.1,2.7
Q6FDK2,5.3.3.5,2.4.2.12,2.4.2.12,High,2.4.2.12,2.4
O84925,6.3.2.7,1.6.3.4,1.11.1.1,Low,1.6.99.3,1.6
A0A0H2UQZ4,6.3.2.7,1.6.3.4,1.11.1.1,Low,1.6.99.3,1.6
Q8DP70,6.3.2.7,1.6.3.4,1.11.1.1,Low,1.6.99.3,1.6
Q9VBC7,2.1.1.341; 3.1.4.11,3.4.21.94,3.4.21.94,High,3.4.21.94,3.4
C0HLV2,2.4.1.313,3.4.21.26,3.2.1.4,Low,3.2.1.39,3.2
F8G0P2,3.5.1.48,1.4.2.2,1.4.3.24,High,1.-.-.-,1.4
B2JQY2,5.4.99.20,3.5.5.1,3.5.5.7,High,3.5.5.7,3.5
C4RPA1,1.1.1.101; 2.3.3.3,1.14.13.187,1.14.13.29,Low,1.3.99.-,1.14
A0A0R4I990,2.3.3.3,1.14.13.-,1.14.14.30,Low,1.3.99.-,1.14
Q2PC69,2.3.3.3,1.14.13.-,1.7.3.1,Low,1.3.99.-,1.14
A5U1J9,6.3.4.20,2.3.1.286,2.3.1.286,High,2.3.1.286,2.3
A0A7H0DN56,5.6.1.7,3.6.4.13,3.6.1.15,Low,3.6.4.13,3.6
Q6DPL2,2.6.1.85; 2.7.1.67,3.2.1.18,3.2.1.18,High,3.2.1.18,3.2
Q9XWN7,2.4.1.87,3.2.2.-; 3.2.2.1; 3.2.2.2; 3.2.2.3; 3.2.2.7; 3.2.2.8,3.2.2.3,Medium,3.1.3.2,4.1
A0A7H0DN95,1.4.3.2,3.6.1.15,3.6.1.15,High,3.6.1.15,3.6
A0A0D2Y5A7,6.2.1.49,2.3.1.12,2.3.1.12,High,2.3.1.12,non_enzyme
Q4VFY5,1.1.1.404; 2.7.13.3,1.14.11.58,2.3.1.275,Low,-,1.14
F2VS69,1.18.6.1,1.-.-.-,5.1.3.34,Low,3.6.1.27,1.14
Q9FLI5,3.8.1.9,3.4.24.-,4.2.1.18,Low,3.4.24.-,3.4
A0A2R2JFI5,6.3.2.59,2.1.1.-,2.1.1.152,Low,2.7.1.21,2.1
P9WEN5,2.1.1.122,3.4.21.26,3.4.21.26,High,3.4.21.26,3.4
O50131,1.1.1.163,2.6.1.13,2.6.1.13,Low,2.6.1.22,2.6
A0A2Z5QKZ7,3.7.1.25,2.3.1.-,2.3.1.177,Low,2.3.1.74,2.3
F9FAJ9,2.7.1.100,1.-.-.-; 1.13.11.-; 1.13.11.62,sequence is too long,,4.2.1.17,5.4
G4N2X9,1.3.1.106; 2.7.1.173,1.-.-.-; 1.13.11.-; 1.13.11.62,sequence is too long,,5.4.4.6,5.4
A0A8I5ZNK2,5.3.1.9; 1.14.16.4,2.7.11.1,2.7.11.1,Medium,2.7.11.1,2.7
C0HM79,1.11.1.7,3.1.1.4,3.1.1.4,High,3.1.1.4,3.1
A0A193CHJ5,1.11.1.7,3.1.1.4,3.1.1.4,High,3.1.1.4,3.1
E1AQY3,3.4.14.13,2.6.1.119,2.6.1.119,High,2.6.1.13,2.6
A0A7H0DN36,2.7.4.34,2.7.7.19,2.7.7.19,High,2.7.7.19,2.7
A0A061AE05,6.3.2.8; 3.2.2.9,2.7.1.25; 2.7.7.4,2.7.7.4; 2.7.1.25,Medium; Low,2.7.7.4,2.7
A0A0C1E6T8,2.7.4.7,6.3.2.-,sequence is too long,,3.6.4.-,6.3
A0A0C1E2S7,4.2.1.162,2.3.1.-,2.3.1.205,Low,2..3.1.84,2.3
A0A0C1BWC7,2.7.1.83,2.3.1.-,2.3.1.84,Low,1.16.1.9,2.3
A0A0C1C427,1.1.1.244,1.14.13.-,1.14.13.216,Medium,1.14.13.1,1.14
S5RR11,1.14.18.2,1.14.15.38,1.14.12.12,Low,1.14.12.12,1.14
S5SC42,3.8.1.2,1.14.15.38,1.14.12.26,Low,1.14.12.18,non_enzyme
A0QTP6,2.7.1.149; 2.8.2.8,2.7.13.3,2.7.13.3,Medium,2.7.13.3,2.7
A0A1D6NER6,5.3.1.34,2.1.1.103,2.1.1.103,High,2.1.1.103,2.1
Q8VYX1,5.3.1.34,2.1.1.103,2.1.1.103,High,2.1.1.103,2.1
C8YTM5,5.3.1.34,2.1.1.103,2.1.1.103,High,2.1.1.103,2.1
A0A8X8M505,5.3.1.34,2.1.1.-,2.1.1.99,Medium,2.1.1.-,2.1
P0DX29,2.7.1.138,3.1.1.1; 3.1.1.3; 3.1.1.74,3.1.1.101,High,2.3.1.20,3.1
A0A7H0DMZ7,2.3.2.27,2.3.2.27,2.3.2.27,High,-,2.3
A0A7H0DN30,2.7.7.13,3.1.1.-,3.1.4.4,Medium,-,3.1
A0A7H0DN45,2.4.1.269,1.8.3.2,1.8.3.2,High,1.8.3.2,1.8
A0A7H0DN57,2.7.4.34,3.4.24.-,2.7.7.50,Medium,3.4.24.-,3.4
A0A7H0DN61,3.6.4.12,3.1.-.-,2.7.7.19,Low,3.1.-.-,3.1
A0A7H0DN89,1.3.5.1,3.6.4.-,2.7.1.158,Low,3.6.4.-,3.6
A0A7H0DNB7,1.4.3.2,3.6.4.-,3.6.1.15,Medium,3.6.4.-,3.6
Q38AH1,1.14.13.2; 5.4.2.4; 1.14.13.7; 4.2.3.7; 5.4.99.31,5.4.2.12,5.4.2.12,High,5.4.2.12,5.4
W6YKT9,2.7.7.61,3.4.21.-,3.2.1.37,Low,-,3.1
A0A0A7LRQ7,2.3.1.268,3.4.21.-,3.2.1.37,Low,-,3.5
C7YS44,2.1.1.356,3.4.21.-,3.2.1.37,Low,-,3.5
A0A0C3RR82,2.3.1.234,2.1.1.-,1.3.3.11,Low,3.6.4.12,2.1
A8HQD7,2.4.1.135,1.14.16.1,1.14.16.2,Medium,1.6.5.3,1.14
E5KBU4,2.4.1.135; 1.13.11.12,1.14.16.1,1.14.16.2,Low,1.6.5.3,1.14
E5KBU3,2.4.1.62,1.14.16.1,1.14.16.1,Low,1.6.5.3,1.14
B2NHN2,1.11.1.7,3.1.1.75,3.1.1.72,Low,2.3.1.20,3.1
O05527,1.11.1.6,3.1.1.75,3.1.1.75,Low,3.1.1.-,3.1
A0A348HAX6,1.11.1.24; 3.5.1.52,2.3.1.-,sequence is too long,,4.2.1.59,2.3
A0A348HAX8,3.4.21.36,5.-.-.-,2.6.1.45,Low,-,1.14
A0A348HAY0,1.1.1.405,2.1.3.-,2.1.1.299,Low,2.1.1.49,2.1
A0A348HAY2,2.7.11.2,3.1.1.1,3.1.1.3,Medium,3.1.1.14,3.1
A0A348HAY4,1.14.14.82,4.2.1.-,4.2.1.79,High,4.2.1.3,4.2
A0A348HAY5,1.1.1.298,2.3.3.-,2.3.3.5,Low,2.3.3.16,2.3
A0A348HAY6,2.5.1.86; 2.5.1.25,1.-.-.-,1.14.11.36,Low,1.14.11.-,1.3
A0A348HAY8,2.4.2.8,3.1.2.-,3.1.2.31,Low,3.1.-.-,3.1
P0DX11,1.8.2.4,1.14.11.71,1.14.11.46,Medium,3.4.19.-,1.14
P0DX12,3.1.3.77,1.13.11.89,1.13.11.78,Medium,-,non_enzyme
A0A8K1Y6D8,1.2.1.47; 2.3.1.122,1.-.-.-,1.14.13.1,Low,1.14.13.1,1.14
A0A142I725,1.2.1.47,1.-.-.-,1.14.13.1,Low,1.14.13.1,1.14
A0A8J9S3B0,2.1.2.5; 4.3.1.4; 1.1.1.102,1.-.-.-,1.1.1.252,Low,1.1.1.184,1.1
A0A142I726,2.1.2.5; 4.3.1.4; 1.1.1.102,1.-.-.-,1.1.1.252,Low,1.1.1.184,1.1
A0A8J9S3C0,2.4.1.300,3.4.24.-,3.4.24.59,Low,3.4.24.59,3.4
A0A142I740,1.13.99.1; 2.7.8.40; 1.3.1.124; 3.4.24.64; 2.3.2.3,3.4.24.-,sequence is too long,,1.17.3.-,1.3
A0A8K1Y6D9,1.11.1.2,2.1.1.-,2.1.1.4,Low,2.1.1.-,2.1
A0A142I733,1.11.1.2,2.1.1.-,2.4.1.141; 2.1.1.4; 1.18.1.6,Low; Low; Low,2.1.1.-,2.1
A0A8J9RRY2,2.7.1.100,1.14.18.-,1.14.18.1,Medium,1.10.3.1,1.14
A0A8J9WH54,3.4.21.36,1.-.-.-,1.1.1.303,Low,-,1.1
A0A142I729,4.2.3.193,1.-.-.-,3.7.1.1,Low,-,1.1
A0A142I739,4.2.3.193,1.-.-.-,1.1.1.303,Low,1.11.1.10,1.1
A0A8J9S8U9,3.2.1.15; 1.11.1.7,3.4.-.-,3.1.1.4,Low,-,3.4
A0A142I728,3.2.1.15; 1.11.1.7,3.4.-.-,3.1.1.4,Low,-,3.4
A0A8J9R8H5,2.7.1.100,1.14.18.-,1.14.18.1,Low,1.10.3.1,1.14
A0A142I737,2.7.1.100,1.14.18.-,1.14.18.1,Low,1.10.3.1,1.14
A0A8K1Y6E0,1.2.7.11,1.-.-.-,5.3.3.12,Low,-,1.14
A0A142I736,4.2.3.193,1.-.-.-,1.14.14.124; 1.14.14.125; 5.3.3.12,Low; Low; Low,-,1.3
A0A8J9R8Y7,4.2.3.193; 3.4.21.36,1.-.-.-,1.1.1.303,Low,-,1.1
A0A142I738,3.4.21.36,1.-.-.-,1.1.1.303,Low,-,1.14
A0A075D5I4,2.7.8.29,2.1.1.-,2.1.1.99,High,2.1.1.-,2.1
A0A075D657,2.7.8.29,2.1.1.-,2.1.1.99,Low,2.1.1.-,2.1
A5TY84,1.14.16.1; 1.14.16.4; 5.3.1.9,2.7.11.1,2.7.11.1,High,2.7.11.1,2.7
A5U3A3,5.3.1.9; 1.14.16.1; 2.7.11.1; 1.14.16.4,2.7.11.1,2.7.11.26; 2.7.11.1,High; High,2.7.11.1,2.7
A5U3A6,5.3.1.9,2.7.11.1,2.7.11.26; 2.7.11.1,Medium; Medium,2.7.11.1,2.7
J4KMY5,2.1.1.178,3.1.1.4,3.1.1.4,Low,3.1.1.-,3.1
Q9I7C1,4.2.1.46,2.3.1.51,2.3.1.270; 2.3.1.n4,Low; Low,2.3.1.51,2.3
Q5BA93,2.3.2.15,4.2.2.2,5.1.3.37,Low,4.2.2.2,4.2
E3E7F9,2.3.2.15; 3.1.4.52,4.2.2.2,4.2.2.2,Low,4.2.2.2,4.2
Q76EC9,1.2.1.72,4.2.2.2,sequence is too long,,3.4.24.-,3.2
A0A5P3XKQ1,1.13.11.69,3.4.24.69,sequence is too long,,3.4.24.69,non_enzyme
F8G0P1,3.5.1.48,1.4.2.3,1.4.3.24,High,1.-.-.-,1.4
Q6F6U3,7.3.2.6,3.5.1.19,3.5.1.19,High,3.5.1.19,3.5
P9WEM9,6.3.2.59; 2.3.1.247,2.1.1.-,1.3.3.11; 2.1.1.152,Low; Low,2.7.1.21,4.1
Q1DFT5,2.7.2.3; 3.1.1.31,3.4.21.-,3.4.21.62,Low,3.4.21.-,3.4
A0A1L7T8M0,2.4.2.7,2.7.8.7,2.7.8.7,Low,2.7.8.-,2.7
J9VJP1,4.1.1.21; 6.3.2.6,2.1.2.3; 3.5.4.10,3.5.4.10; 2.1.2.3,High; High,3.5.4.10,3.5
A0A8F4S6Z6,3.2.1.133; 1.11.1.24; 3.5.1.52; 2.5.1.96,2.3.1.-; 6.3.2.-,sequence is too long,,3.1.2.14,2.3
A0A8F4S9U3,2.6.1.44; 2.1.1.109,5.5.1.-,4.2.1.95,Low,-,5.others
A0A8F4S717,4.2.3.73; 4.2.3.86,1.-.-.-,2.3.1.161; 1.1.1.2,Low; Low,2.5.1.18,1.3
A0A8F4NVX8,3.1.2.23,1.-.-.-,1.6.5.5,Medium,1.-.-.-,non_enzyme
A0A8F4NUL3,4.6.1.16,3.7.1.-,3.1.1.1,Low,2.3.1.-,3.others
A0A8F4S8P5,1.14.14.168,1.14.-.-,1.13.12.20,Low,-,1.1
A0A8F4NUC6,3.7.1.2,5.-.-.-,1.13.12.13,Low,-,non_enzyme
A0A8F4S726,4.2.1.65,5.-.-.-,1.14.14.76,Low,-,non_enzyme
G3X8U3,1.4.1.24,3.2.2.-,3.2.2.29; 3.1.21.1,Low; Low,-,3.2
D1C7A6,3.5.4.16; 1.3.5.1,3.2.2.-,3.1.21.1; 3.2.2.29,Low; Low,-,4.2
Q9VRQ9,3.2.1.32,2.3.2.5,2.3.2.5,High,2.3.2.5,2.3
Q86PD7,3.2.1.32,2.3.2.5,2.3.2.5,High,2.3.2.5,2.3
O18333,2.5.1.78,3.6.5.2,3.6.5.2,High,-,3.6
Q40372,2.6.99.2,1.11.1.7,1.11.1.7,High,1.11.1.7,1.11
A0A7H0DN52,1.3.5.2,1.17.4.1,1.17.4.1,High,1.17.4.1,1.17
A0A7H0DN21,2.5.1.42; 2.7.2.8,1.17.4.1,1.17.4.1,High,1.17.4.1,1.17
Q5SI81,3.1.21.4,2.1.1.-,2.1.1.191; 2.1.1.264; 2.1.1.173,Low; Low; Low,2.1.1.191,2.1
Q5SIT4,3.1.21.4,2.1.1.191,2.1.1.191,Medium,2.1.1.-,2.1
A0A5F9C6I2,3.1.1.53,2.3.2.27,sequence is too long,,-,2.3
P71905,3.5.1.128,3.1.26.12,3.1.26.12,High,3.1.26.12,non_enzyme
F1RB95,2.3.2.27,2.3.2.31,2.3.2.31,High,2.3.2.27,2.3
Q7SXJ6,2.3.2.27,2.3.2.27,2.3.2.27,High,2.3.2.27,2.3
Q9HX69,5.3.3.17; 1.10.3.16,3.1.4.52,3.1.4.52,Medium,3.1.-.-,non_enzyme
A0A7H0DN62,2.1.1.199,2.7.7.6,2.7.7.6,Low,2.7.7.6,2.7
A0A7H0DNC3,2.1.1.182; 2.1.1.172; 2.1.1.199,2.7.7.6,sequence is too long,,2.7.7.6,2.7
A0A7H0DN77,2.1.1.172; 2.1.1.199; 2.1.1.182,2.7.7.6,sequence is too long,,2.7.7.6,2.7
A0A7H0DN91,6.1.1.20,2.7.7.6,2.3.2.27; 3.4.21.97; 2.7.7.6; 4.1.2.25,Low; Low; Low; Low,2.7.7.6,2.7
A0A7H0DNA3,2.1.1.64,2.7.7.6,1.3.7.12,Low,-,2.7
M1L514,2.7.7.6; 2.3.1.225,2.7.7.6,2.7.10.1; 3.1.21.4,Low; Low,2.7.7.6,2.7
A0A7H0DN39,2.1.1.64,2.7.7.6,4.2.1.28,Low,2.7.7.6,2.7
A0A7H0DNC7,4.1.1.29,2.7.7.6,2.1.1.56,Medium,-,2.7
Q27493,3.5.2.9,2.7.7.6,sequence is too long,,3.1.11.1,2.7
Q5SLF5,2.4.1.306,3.13.2.3,3.13.1.8,High,3.1.3.5,2.5
A0A7H0DNC1,2.7.7.6,3.1.-.-,3.1.21.10,High,3.1.-.-,3.1
A0A194XJW1,1.14.14.168; 3.1.26.3,1.14.-.-,1.13.12.20,Low,-,1.14
A0A194XJX1,2.7.1.26,5.-.-.-,1.13.12.13; 3.4.17.6,Low; Low,-,non_enzyme
A0A194XK05,7.3.2.7,5.-.-.-,2.3.1.23,Low,-,non_enzyme
C8V7U7,3.1.3.67; 5.4.99.8,1.14.19.18,1.14.19.18,High,1.14.19.-,1.14
Q33862,2.1.1.189,1.3.5.1,1.3.5.1,Medium,1.3.5.1,1.3
Q8WSR3,2.1.1.189,1.3.5.1,1.3.5.1,High,1.3.5.1,1.3
O44074,2.1.1.189,1.3.5.1,1.3.5.1,High,1.3.5.1,1.3
A0A7W3N5X5,4.1.99.1; 3.4.24.77; 2.9.1.3; 1.1.1.310,2.2.1.14,2.2.1.2,High,2.2.1.2,2.2
D5E1T2,4.1.99.1; 3.4.24.77; 2.9.1.3; 1.1.1.310,2.2.1.14,2.2.1.2,High,2.2.1.2,2.2
A0A1S4CGX4,2.7.12.2,2.7.12.2,2.7.12.2,High,2.7.12.2,2.7
A0A1S3Z5Y0,2.3.1.199; 4.1.2.40; 2.7.7.85; 1.21.99.3,2.7.12.2,2.7.11.24,High,2.7.11.24,2.7
A0A0J9UVG7,6.3.4.20,2.3.1.-; 2.3.1.286,2.3.1.286,High,3.5.1.-,2.3
Q6NZR5,2.7.11.22; 3.2.1.14; 5.6.1.7,3.6.4.13,sequence is too long,,3.6.4.-,3.6
A0A7W3RCJ3,5.3.3.3,1.2.1.97,1.2.1.26,Low,1.2.1.3,1.2
D5E1S7,5.3.3.3,1.2.1.97,1.2.1.26,Low,1.2.1.3,1.2
Q7CS24,5.4.99.27,1.5.1.42,1.5.1.36,High,3.4.19.13,1.5
Q7CS28,2.3.2.24; 1.17.1.4; 2.4.2.3; 1.14.13.82,7.5.2.-,7.6.2.10,High,3.6.3.20,7.6
A0A1U8QYZ5,1.1.1.n11,2.1.1.317,2.1.1.317,High,2.1.1.-,2.1
A0A1U8QNM5,1.1.1.n11,2.1.1.317,2.1.1.317,High,2.1.1.-,2.1
A9CEZ0,3.5.2.20,3.2.1.-,3.2.1.199,High,3.2.1.199,3.2
A0A2P6MHY1,2.1.1.2,4.1.2.57,4.1.2.29,High,4.1.2.29,4.1
A0A2P6MHT4,2.7.2.3,2.7.1.184,2.7.1.90,High,2.7.1.90,2.7
A9CEY7,1.5.1.1,1.14.14.181,1.14.14.5,Low,1.14.14.5,1.14
Q2G5J4,1.5.1.1,1.14.14.181,1.14.13.107; 1.14.14.13; 1.14.14.5,Low; Low; Low,1.14.14.5,1.14
A0A2P6MHU9,5.1.3.30,5.3.1.31,5.3.1.4,Low,5.3.1.4,3.4
J1H1H5,5.1.3.30,5.3.1.31,5.3.1.4,Low,5.3.1.4,3.4
A0A7W3RDA3,5.1.3.30,5.3.1.31,5.3.1.4,Low,5.3.1.4,4.1
D5E1S9,5.1.3.30,5.3.1.31,5.3.1.4,Low,5.3.1.4,4.1
A0A3A6N9T6,3.4.11.10,1.2.1.-,1.2.1.81,Medium,1.2.1.76,1.2
J1H1J3,2.7.1.163; 4.6.1.19; 3.5.4.26,1.1.1.433,1.1.1.6,Low,1.1.1.61,1.1
J0MXK0,2.4.2.45,2.2.1.15,2.2.1.13,High,2.2.1.1,2.2
J1H0Z7,2.4.2.45,2.2.1.15,2.2.1.13,Medium,2.2.1.1,2.2
J0MXJ0,1.14.13.113,5.3.1.37,5.3.1.26,High,5.3.1.26,5.3
A0A3A6NE59,2.7.7.87,6.2.1.-,6.2.1.9,Medium,6.2.1.5,6.2
A0A3A6N9V6,2.7.7.87,6.2.1.-,6.2.1.9,Low,6.2.1.5,6.2
Q22323,2.7.11.33,3.1.3.-,3.1.3.2,Low,2.7.1.105,non_enzyme
P9WEM8,2.3.1.247; 6.3.2.59,2.1.1.-,3.8.1.10; 1.3.3.11,Low; Low,2.7.1.21,4.1
G5EF53,2.7.7.14,3.6.4.-,sequence is too long,,3.6.4.-,3.6
Q8L617,1.14.16.1; 5.3.1.9,2.7.11.1,2.7.11.1,High,2.7.11.1,2.7
A0A411EW25,1.8.1.14,2.1.1.381,2.1.1.321,Low,2.5.1.16,2.1
A0A411MR89,5.4.3.10; 4.1.2.22; 3.1.1.11,1.14.13.250,1.14.13.25,Low,1.11.1.-,1.14
P0DW66,3.1.1.31; 1.14.13.39,3.4.-.-,3.5.1.28,Low,-,non_enzyme
Q2YPC4,2.5.1.26,3.2.2.-; 3.2.2.6,3.2.2.6,High,-,3.2
Q8YF53,2.5.1.26,3.2.2.-; 3.2.2.6,3.2.2.6,High,-,3.2
Q5LT52,4.2.1.133,4.1.2.32,2.1.1.269,Low,4.2.1.59,1.3
A1XLE2,3.4.11.23; 2.1.1.230,4.8.1.7; 4.8.1.8,1.6.5.4,Low,-,4.others
G1FNI6,2.1.1.230,4.8.1.8,4.6.1.24,Low,-,4.others
P0DW59,2.4.2.53,3.2.2.5,2.3.1.286; 2.7.7.65,Low; Low,2.7.2.8,3.2
P0DW60,2.4.2.53,3.2.2.5,2.7.7.65,Low,2.7.2.8,3.2
C0MAL8,2.4.2.53,3.2.2.5,2.7.7.65,Low,-,2.4
J8CSK2,2.5.1.26,3.2.2.-,3.2.2.6,Low,-,3.2
F8J3D9,3.1.1.64,6.2.1.60,6.2.1.2,Medium,6.2.1.3,6.2
B8EIZ7,3.4.17.14; 1.14.14.140,1.14.13.148,1.14.13.101; 1.18.1.2,Low; Low,1.14.13.-,1.14
A0A0B5RNJ4,1.14.14.140; 3.4.17.14,1.14.13.148,1.14.13.101,Low,1.14.13.-,1.14
B6BQB2,3.4.17.14; 1.14.14.140,1.14.13.148,1.14.13.101,Low,1.14.13.148,1.14
Q1V023,3.4.17.14; 1.14.14.140,1.14.13.148,1.14.13.101,Low,1.14.13.148,1.14
A3SLM3,3.4.17.14; 1.1.1.331; 1.14.14.140,1.14.13.148,1.14.13.101,Low,1.14.13.-,1.14
A3VVZ4,3.4.17.14,1.14.13.148,1.14.13.101,Low,1.14.13.-,1.14
Q5LT63,1.14.14.140; 3.4.17.14,1.14.13.148,1.14.13.101,Low,1.14.13.-,1.14
Q4FL37,3.5.2.15,7.6.2.9,7.6.2.9,Medium,3.6.3.32,7.6
Q5LT65,2.3.1.8,7.6.2.9,7.6.2.9,Low,-,7.6
A0A4V8H042,2.7.8.42,1.14.11.72,1.14.11.1,Medium,1.14.11.1,1.14
A0A4V8H040,2.3.1.136; 2.7.11.27; 2.7.11.31; 3.2.2.29,1.13.11.90,1.13.11.78,Medium,-,1.13
A0A8X8M4T9,5.3.1.34; 1.14.99.51,2.1.1.-,2.1.1.99,Medium,2.1.1.-,2.1
A0A8X8M4W6,1.14.99.51,2.1.1.-,2.1.1.95,High,2.1.1.95,2.1
A0A8X8M501,2.7.8.29,2.1.1.-,2.1.1.99,High,2.1.1.-,2.1
Q4X158,2.7.4.21; 2.3.1.227,2.1.1.9,2.1.1.8,Low,2.1.1.201,2.1
Q9VC47,1.14.16.1,3.4.24.-,sequence is too long,,-,3.4
A0A7H0DN83,3.6.4.12,5.6.2.1,5.6.2.1,Low,5.99.1.2,5.6
A5U8X0,3.1.6.2; 2.1.1.74,5.6.2.1,5.6.2.1,Low,5.6.2.1,5.6
S5NIA2,5.3.1.17,1.1.1.100; 2.3.1.41; 2.3.1.86,sequence is too long,,-,2.3
A0A0H2ZFK2,1.10.3.9,3.1.3.16; 3.1.3.48,3.1.3.48,High,3.1.3.48,3.1
Q9HXC7,1.10.3.9,3.1.3.16; 3.1.3.48,3.1.3.48,High,3.1.3.48,3.1
A0A0H2Z7X0,1.11.1.24; 2.7.1.149; 3.5.1.52; 2.8.2.8,2.7.7.65,2.7.13.3,High,2.7.13.3,2.7
Q9I4L5,1.11.1.24; 2.7.1.149; 3.5.1.52; 2.8.2.8,2.7.7.65,2.7.13.3,High,2.7.13.3,2.7
Q87NI7,2.7.7.48,3.1.4.52,2.7.7.65,Medium,-,3.1
B8MV59,3.5.1.52; 3.2.1.133; 1.11.1.24,2.3.1.-,sequence is too long,,2.1.1.163,2.3
B8MV60,1.11.1.24; 5.3.3.17; 3.2.1.133; 3.5.1.52; 2.7.1.149,2.3.1.-,sequence is too long,,4.2.1.59,2.3
B8MV61,2.4.2.50,1.14.-.-,1.14.19.n5,High,6.2.1.1,1.14
O16616,2.3.2.27,2.3.2.27,6.3.2.n3; 2.3.2.27,Medium; Medium,2.3.2.27,2.3
Q8CBC7,4.6.1.18; 2.1.1.173,2.1.1.205,2.1.1.205,High,2.1.1.205,2.1
F6NXI9,2.1.1.327,2.7.7.72,2.7.7.72,Medium,2.7.7.72,2.7
A4D0H5,5.1.1.8,1.14.19.58,1.14.19.9,High,1.14.13.-,1.14
A1E280,2.1.1.74,1.14.19.59,1.14.19.9,High,1.14.13.-,1.14
E9P162,2.7.1.103,1.14.19.59,1.14.19.9,High,1.14.13.-,1.14
A8CF75,6.3.2.7; 1.1.1.331; 2.1.1.74; 1.8.7.1,1.14.19.9,1.14.19.9,High,1.14.13.-,1.14
A0A2N6JFX7,7.3.2.6,3.5.1.-,3.5.1.110,Medium,3.5.1.19,3.5
Q9R0T7,2.1.1.346,3.4.21.4,3.4.21.4,High,3.4.21.4,3.4
Q9QUK9,2.1.1.346,3.4.21.4,3.4.21.4,High,3.4.21.4,3.4
Q9WYJ1,3.1.3.74; 2.8.2.2; 3.1.3.84; 4.2.3.199; 2.8.2.14,4.3.1.17; 4.3.1.19,4.3.1.19,Medium,4.3.1.19,4.3
B8MKY6,3.5.1.52; 1.11.1.24,2.3.1.-,sequence is too long,,4.2.1.59,2.3
B8MKZ0,2.4.1.46,5.-.-.-,2.6.1.45,Low,-,non_enzyme
B8MKZ2,1.1.1.405,2.1.3.-,2.1.1.299,Low,2.1.1.49,2.1
B8MKZ4,1.14.14.82,4.2.1.-,4.2.1.79; 4.1.1.6,Medium; Medium,4.2.1.3,4.2
B8MKZ3,1.1.1.298,2.3.3.-,2.3.3.5;2.3.3.16,Low; Low,2.3.3.16,2.3
B8MKZ8,2.5.1.86,1.-.-.-,5.5.1.26,Low,1.14.11.-,1.3
B8MKZ6,3.4.21.94,3.1.2.-,3.1.2.31,Low,3.1.-.-,3.1
P9WER5,3.4.23.20,2.5.1.-; 4.2.3.-,2.5.1.81; 4.2.3.43; 2.5.1.29,High; High; High,2.5.1.1,2.5
P0DX43,2.3.1.8; 3.1.2.2; 2.7.1.192,7.4.2.13,7.3.2.1; 7.3.2.2,Low; Low,-,7.3
Q6QDB6,5.4.99.45,2.4.1.-,2.4.1.91,High,2.4.1.-,2.4
Q9XZ16,1.10.3.9,3.1.3.16,3.1.3.16,Low,3.1.3.16,3.1
F8VPZ3,2.7.1.40; 3.1.1.3,3.4.19.12,sequence is too long,,3.4.19.12,3.4
A0A0R4IB93,2.7.1.40; 1.13.11.34; 3.1.1.3,3.4.19.12,sequence is too long,,3.4.19.12,3.4
Q9W4C3,3.1.1.3; 2.7.1.40; 3.1.1.5; 1.13.11.34,3.4.19.12,sequence is too long,,3.4.19.12,3.4
B2BW43,2.5.1.18,2.7.1.48,2.7.1.48,Medium,2.7.1.48,2.7
Q5JJC1,4.2.3.119; 3.4.21.120,2.4.2.3,2.4.2.3,Medium,2.4.2.3,2.4
A0A2I1D2N0,7.2.4.3,6.3.2.-,sequence is too long,,2.3.1.161,6.3
A0A2V5H0B0,3.6.1.11,6.3.2.-,sequence is too long,,2.3.1.161,6.3
A0A2I1D2M7,2.5.1.48,5.1.1.1,2.5.1.48,High,2.5.1.48,2.5
A0A2V5GUR2,2.5.1.48,5.1.1.1,2.5.1.48,High,2.5.1.48,2.5
A0A2I1D2N1,1.1.1.200; 3.2.1.15; 2.7.1.32,3.4.-.-,3.1.1.3; 2.7.3.5; 2.3.1.238,Low; Low; Low,5.3.99.2,3.5
A0A2V5GVB6,1.14.15.24,3.4.-.-,3.1.4.1,Low,5.3.99.2,3.5
A0A2I1D2Q5,2.7.1.187,2.1.1.-,2.1.1.281,High,2.1.3.-,2.1
M1LL92,2.1.1.222; 4.1.1.98; 3.5.99.2,3.2.2.27,3.2.2.27,Medium,3.2.2.27,3.2
Q1AS69,6.3.1.21; 1.3.5.2,2.1.3.16,2.1.3.2,Low,2.1.3.2,2.1
N0AAE6,1.21.98.1; 2.1.1.346,3.4.21.-,3.4.21.74,High,3.4.21.-,3.4
N0A5N4,1.21.98.1; 6.2.1.46,3.4.21.-,3.4.21.74,High,3.4.21.-,3.4
A0A068CNX1,2.8.2.11; 3.5.1.93,4.1.2.-,3.4.22.16,High,3.4.22.-,3.4
A0A0F7G352,2.8.2.11; 3.5.1.93,4.1.2.-,3.4.22.16,High,3.4.22.-,3.4
Q50249,1.14.14.126,1.12.98.3,1.12.5.1; 1.12.2.1; 1.12.99.6,Low; Low; Low,1.12.99.6,1.12
Q50250,1.14.14.14,1.12.98.3,1.8.98.1,Medium,-,non_enzyme
Q50248,1.14.14.126,1.12.98.3,1.12.5.1,Medium,1.12.99.6,1.12
F1SVF8,1.14.14.126,1.12.98.3,1.12.5.1,Low,1.12.99.6,1.12
Q50227,2.8.2.21,1.12.98.3,1.8.98.1,Medium,-,non_enzyme
Q50225,1.14.14.126,1.12.98.3,1.12.5.1,Medium,1.12.99.6,1.12
W7E8S5,1.1.1.299; 3.2.1.24; 3.4.11.21; 3.1.1.57,1.4.3.-,1.4.3.22; 1.43.21,High; High,1.4.3.21,1.4
W7DQR8,3.2.1.15,3.4.-.-,3.1.1.3,Low,3.4.-.-,3.4
W7E3A0,3.2.1.15,3.4.-.-,3.1.1.3,Medium,3.4.-.-,3.4
W7E4C5,4.2.3.193,1.-.-.-,1.14.14.124; 1.14.14.125,Low; Low,1.11.1.10,1.14
W7E0Q5,6.2.1.64,1.-.-.-,1.12.7.2,Low,1.6.5.4,non_enzyme
W7DZP2,2.8.2.21,1.-.-.-,1.8.3.2,Low,-,non_enzyme
A0A0B4U9L8,5.1.3.8,3.4.24.-,3.4.24.49,Medium,3.4.24.58,3.4
R4NNL0,5.1.3.8,3.4.24.-,3.4.24.49,High,3.4.24.-,3.4
V5TBK6,5.1.3.8,3.4.24.-,3.4.24.58; 3.4.24.49,High; High,3.4.24.58,3.4
A0A7H0DN27,1.14.16.4; 5.3.1.9; 1.14.16.1; 2.7.11.1,2.7.11.1,2.7.11.1,High,2.7.11.1,2.7
F9USN6,1.1.1.159,1.1.1.-,1.3.99.33,Low,5.3.3.1,1.3
Q6FRH8,5.3.1.9; 2.7.11.1; 1.14.16.1; 5.4.2.6; 1.14.16.4,2.7.11.1,sequence is too long,,-,2.7
A0A1D8PDV7,1.14.13.218,2.7.1.137,2.7.1.137,High,2.7.1.137,2.7
Q6FSR7,2.7.11.1,2.7.1.137,2.7.1.137,High,2.7.1.137,2.7
Q84JL7,1.14.19.23,3.1.1.-,4.1.1.114,Low,3.1.1.23,3.1
V5XKC3,2.1.1.298; 2.8.2.21,1.16.1.7,1.16.1.9,Low,-,1.16
Q9KM24,2.7.7.48,2.7.13.3,2.7.13.3,Low,2.7.13.3,2.7
A0A1D6E0S8,1.14.16.1; 1.14.16.4; 5.3.1.9,2.7.11.1,2.7.11.1,High,2.7.11.-,2.7
A0A0H2ZQT7,5.4.99.28; 5.4.99.29,3.1.11.-,3.1.26.11,Low,-,non_enzyme
Q8DPL9,5.4.99.28; 5.4.99.29,3.1.11.-,3.1.26.11,Low,-,non_enzyme
A0A0H2ZNH9,1.11.1.24; 3.5.1.52; 2.7.1.149; 2.8.2.8,2.7.13.3; 3.9.1.-,2.7.13.3,High,2.7.13.3,2.7
Q8DPL8,1.11.1.24; 3.5.1.52; 2.7.1.149; 2.8.2.8,2.7.13.3; 3.9.1.-,2.7.13.3,High,2.7.13.3,2.7
M9PGC5,1.14.16.4,2.7.11.1,sequence is too long,,2.1.1.43,2.7
O33317,3.2.1.169,2.3.1.-,2.3.1.57,Low,2.3.1.-,2.3
O05769,6.3.2.9,3.4.-.-,7.2.2.10; 1.1.5.2; 3.5.2.6; 1.23.5.1,Low; Low; Low; Low,-,non_enzyme
A5U0J1,2.1.1.176,2.8.1.-,4.2.3.188,Low,2.8.3.-,2.8
P74429,3.1.26.3,1.-.-.-,1.3.5.3,Low,1.-.-.-,non_enzyme
Q182S9,5.4.99.1; 2.3.2.27,3.1.26.-,2.3.2.27,Low,-,non_enzyme
Q7CPH3,2.3.2.27,3.1.26.-,2.3.2.27,Low,-,non_enzyme
J9VQH1,1.8.1.12,7.2.2.-,sequence is too long,,3.6.3.44,non_enzyme
A0A4Y1WBN6,5.4.99.29; 5.4.99.28,3.1.11.-,3.1.26.11,Low,3.1.-.-,non_enzyme